County_Key,Volume,Count,State_Code,Average,State_Name
02Matanuska-Susitna,1357673,10992,2,123,ALASKA
02Anchorage,12830755,58584,2,219,ALASKA
02Kenai Peninsula,1693548,14112,2,120,ALASKA
02Kodiak Island,122767,1296,2,94,ALASKA
02Fairbanks North Star,6882215,53736,2,128,ALASKA
02Petersburg,27061,1488,2,18,ALASKA
02Juneau,1699924,11160,2,152,ALASKA
02Haines,21445,1488,2,14,ALASKA
02Skagway,5466,1488,2,3,ALASKA
02Sitka,351653,2976,2,118,ALASKA
02Ketchikan Gateway,534710,4368,2,122,ALASKA
01Jackson,753890,5280,1,142,ALABAMA
01St. Clair,2161852,7200,1,300,ALABAMA
01Dallas,239385,5472,1,43,ALABAMA
01Coffee,69669,768,1,90,ALABAMA
01Monroe,117299,1440,1,81,ALABAMA
01Mobile,10942334,32496,1,336,ALABAMA
01Elmore,462156,2880,1,160,ALABAMA
01Colbert,899632,5760,1,156,ALABAMA
01Jefferson,46634676,83640,1,557,ALABAMA
01Shelby,3590007,10224,1,351,ALABAMA
01Russell,230704,1296,1,178,ALABAMA
01Cleburne,69947,1440,1,48,ALABAMA
01Baldwin,4857037,23616,1,205,ALABAMA
01Barbour,226462,2688,1,84,ALABAMA
01Bullock,31154,1344,1,23,ALABAMA
01Franklin,226558,2784,1,81,ALABAMA
01Fayette,59397,1440,1,41,ALABAMA
01Clarke,304830,3552,1,85,ALABAMA
01Houston,1708595,9168,1,186,ALABAMA
01Crenshaw,103508,1344,1,77,ALABAMA
01Pike,574396,2880,1,199,ALABAMA
01Montgomery,6718586,20256,1,331,ALABAMA
01Autauga,84262,1440,1,58,ALABAMA
01Chambers,1069323,2880,1,371,ALABAMA
01Chilton,1055755,2880,1,366,ALABAMA
01Randolph,138606,1392,1,99,ALABAMA
01Talladega,490999,2880,1,170,ALABAMA
01Morgan,1125460,4176,1,269,ALABAMA
01Limestone,3964341,12960,1,305,ALABAMA
01Etowah,2649959,12240,1,216,ALABAMA
01Lee,1154883,4224,1,273,ALABAMA
01Pickens,171855,2880,1,59,ALABAMA
01Escambia,267818,3504,1,76,ALABAMA
01Sumter,1190283,5664,1,210,ALABAMA
01Blount,713309,3408,1,209,ALABAMA
01Madison,15354671,40368,1,380,ALABAMA
01Tuscaloosa,2540763,9264,1,274,ALABAMA
01Conecuh,453184,2112,1,214,ALABAMA
01Walker,400982,2880,1,139,ALABAMA
01Lauderdale,501191,4176,1,120,ALABAMA
01Cullman,936821,2496,1,375,ALABAMA
01Perry,303949,2784,1,109,ALABAMA
01Washington,237916,2880,1,82,ALABAMA
01Henry,280174,2880,1,97,ALABAMA
01Bibb,210709,2976,1,70,ALABAMA
01Marion,259290,2304,1,112,ALABAMA
01Macon,1169178,2880,1,405,ALABAMA
05Arkansas,1162823,4464,5,260,ARKANSAS
05Boone,338749,2688,5,126,ARKANSAS
05Calhoun,198612,2688,5,73,ARKANSAS
05Carroll,69180,1296,5,53,ARKANSAS
05Clark,455492,1440,5,316,ARKANSAS
05Craighead,819956,4464,5,183,ARKANSAS
05Crawford,1532787,9312,5,164,ARKANSAS
05Crittenden,590581,2976,5,198,ARKANSAS
05Drew,69819,1440,5,48,ARKANSAS
05Faulkner,295117,2976,5,99,ARKANSAS
05Garland,291453,2112,5,137,ARKANSAS
05Grant,41388,1488,5,27,ARKANSAS
05Greene,40750,672,5,60,ARKANSAS
05Hot Spring,944878,3648,5,259,ARKANSAS
05Jefferson,579817,2112,5,274,ARKANSAS
05Johnson,756338,2880,5,262,ARKANSAS
05Lafayette,32216,1440,5,22,ARKANSAS
05Lincoln,167065,2784,5,60,ARKANSAS
05Lonoke,1083015,2976,5,363,ARKANSAS
05Miller,1473627,7968,5,184,ARKANSAS
05Monroe,143815,2544,5,56,ARKANSAS
05Pope,34913,1488,5,23,ARKANSAS
05Pulaski,607922,4464,5,136,ARKANSAS
05Searcy,149349,1440,5,103,ARKANSAS
05Sebastian,1463650,2976,5,491,ARKANSAS
05Sharp,49203,1440,5,34,ARKANSAS
05Union,413916,4272,5,96,ARKANSAS
05White,567181,5376,5,105,ARKANSAS
05Jackson,44040,1488,5,29,ARKANSAS
05Woodruff,93585,1056,5,88,ARKANSAS
05Yell,220693,2976,5,74,ARKANSAS
04Yuma,994863,1440,4,690,ARIZONA
04Maricopa,63920532,34752,4,1839,ARIZONA
04La Paz,1545818,9840,4,157,ARIZONA
04Pinal,4934113,9264,4,532,ARIZONA
04Pima,4325855,8160,4,530,ARIZONA
04Cochise,567255,5448,4,104,ARIZONA
04Yavapai,3223732,9216,4,349,ARIZONA
04Mohave,1890573,7008,4,269,ARIZONA
04Coconino,2910691,12240,4,237,ARIZONA
04Navajo,882307,8112,4,108,ARIZONA
04Santa Cruz,720302,4416,4,163,ARIZONA
04Gila,652292,3888,4,167,ARIZONA
04Apache,202155,6624,4,30,ARIZONA
04Graham,505932,2544,4,198,ARIZONA
06Humboldt,3707749,11208,6,330,CALIFORNIA
06Mendocino,1117632,5208,6,214,CALIFORNIA
06Lake,354258,1488,6,238,CALIFORNIA
06Del Norte,219751,1488,6,147,CALIFORNIA
06Lassen,466903,4416,6,105,CALIFORNIA
06Shasta,10785726,20328,6,530,CALIFORNIA
06Tehama,2110143,2976,6,709,CALIFORNIA
06Trinity,126108,1488,6,84,CALIFORNIA
06Siskiyou,1482483,4464,6,332,CALIFORNIA
06Modoc,69495,1488,6,46,CALIFORNIA
06Sacramento,62576541,20136,6,3107,CALIFORNIA
06Yolo,8815587,8160,6,1080,CALIFORNIA
06Placer,6940016,8088,6,858,CALIFORNIA
06Butte,2157307,2232,6,966,CALIFORNIA
06Nevada,760178,1488,6,510,CALIFORNIA
06Sutter,3636324,7416,6,490,CALIFORNIA
06Plumas,123339,1680,6,73,CALIFORNIA
06Glenn,338756,1488,6,227,CALIFORNIA
06Yuba,3020840,2976,6,1015,CALIFORNIA
06El Dorado,8467,96,6,88,CALIFORNIA
06Solano,6318078,4368,6,1446,CALIFORNIA
06Sonoma,1143400,432,6,2646,CALIFORNIA
06Santa Clara,6851579,4224,6,1622,CALIFORNIA
06Contra Costa,9023851,2736,6,3298,CALIFORNIA
06San Mateo,13665621,4392,6,3111,CALIFORNIA
06Napa,1096348,1440,6,761,CALIFORNIA
06San Luis Obispo,7382388,7752,6,952,CALIFORNIA
06Santa Barbara,4239762,1920,6,2208,CALIFORNIA
06Monterey,760483,1488,6,511,CALIFORNIA
06Kern,19946698,17352,6,1149,CALIFORNIA
06Kings,2356235,2976,6,791,CALIFORNIA
06Tulare,7088956,8928,6,794,CALIFORNIA
06Fresno,15383152,5832,6,2637,CALIFORNIA
06Madera,3800728,2976,6,1277,CALIFORNIA
06Los Angeles,84126695,19848,6,4238,CALIFORNIA
06Ventura,12104982,5088,6,2379,CALIFORNIA
06Riverside,11141023,5640,6,1975,CALIFORNIA
06San Bernardino,13437351,9264,6,1450,CALIFORNIA
06Inyo,2408992,15624,6,154,CALIFORNIA
06Mono,818303,11280,6,72,CALIFORNIA
06Merced,2289823,3720,6,615,CALIFORNIA
06San Joaquin,3807895,1440,6,2644,CALIFORNIA
06Tuolumne,325547,1440,6,226,CALIFORNIA
06San Diego,42971354,14568,6,2949,CALIFORNIA
06Imperial,2425135,8688,6,279,CALIFORNIA
06Orange,59762018,12408,6,4816,CALIFORNIA
08Phillips,50105,1440,8,34,COLORADO
08Arapahoe,2264522,3744,8,604,COLORADO
08Kiowa,63132,1296,8,48,COLORADO
08Jefferson,9173562,8400,8,1092,COLORADO
08Weld,2910458,8544,8,340,COLORADO
08Larimer,5022609,8784,8,571,COLORADO
08El Paso,5897212,12360,8,477,COLORADO
08Eagle,1740731,2832,8,614,COLORADO
08Douglas,8262985,9456,8,873,COLORADO
08Lincoln,90811,1440,8,63,COLORADO
08Mesa,427826,2928,8,146,COLORADO
08Las Animas,306527,1440,8,212,COLORADO
08Broomfield,2828524,1296,8,2182,COLORADO
08Garfield,1771141,5952,8,297,COLORADO
08Summit,2660064,7032,8,378,COLORADO
08Kit Carson,318682,2976,8,107,COLORADO
08Logan,331679,4416,8,75,COLORADO
08Clear Creek,1338848,2592,8,516,COLORADO
08Huerfano,19284,1488,8,12,COLORADO
08Yuma,31930,1488,8,21,COLORADO
08Moffat,157485,2976,8,52,COLORADO
08Gunnison,150093,2496,8,60,COLORADO
08Otero,98766,1488,8,66,COLORADO
08Morgan,52149,1488,8,35,COLORADO
08Grand,13618,1488,8,9,COLORADO
08La Plata,1447370,4464,8,324,COLORADO
08Rio Grande,223091,1488,8,149,COLORADO
08Montezuma,299872,2976,8,100,COLORADO
08Teller,578814,2976,8,194,COLORADO
08Routt,241405,2400,8,100,COLORADO
08Rio Blanco,48703,1488,8,32,COLORADO
08Pitkin,582509,1488,8,391,COLORADO
08Alamosa,154051,1488,8,103,COLORADO
08Fremont,74023,1488,8,49,COLORADO
08Pueblo,2528735,5376,8,470,COLORADO
08Boulder,633199,1488,8,425,COLORADO
08Costilla,123170,1488,8,82,COLORADO
08Delta,115862,1488,8,77,COLORADO
08Crowley,41777,1488,8,28,COLORADO
08Gilpin,449662,2976,8,151,COLORADO
08Denver,3029372,1488,8,2035,COLORADO
08Adams,11655917,10080,8,1156,COLORADO
08Baca,73535,1440,8,51,COLORADO
09New Haven,3479613,5952,9,584,CONNECTICUT
09New London,5728481,8928,9,641,CONNECTICUT
09Middlesex,9183354,8928,9,1028,CONNECTICUT
09Fairfield,2401617,1488,9,1613,CONNECTICUT
09Windham,1628092,1488,9,1094,CONNECTICUT
11District of Columbia,3785319,4464,11,847,DISTRICT OF COLUMBIA
10New Castle,16162275,57696,10,280,DELAWARE
10Kent,9900552,41160,10,240,DELAWARE
10Sussex,10330100,56112,10,184,DELAWARE
12Charlotte,2695371,5952,12,452,FLORIDA
12Citrus,1233111,5904,12,208,FLORIDA
12Collier,8142383,21936,12,371,FLORIDA
12DeSoto,587925,5952,12,98,FLORIDA
12Glades,103127,1440,12,71,FLORIDA
12Hendry,948838,5952,12,159,FLORIDA
12Hernando,1365785,7440,12,183,FLORIDA
12Highlands,169502,1440,12,117,FLORIDA
12Hillsborough,10021996,26712,12,375,FLORIDA
12Lake,3003565,8640,12,347,FLORIDA
12Lee,4610672,10032,12,459,FLORIDA
12Manatee,2949591,10368,12,284,FLORIDA
12Pasco,4839251,14592,12,331,FLORIDA
12Pinellas,4593583,16368,12,280,FLORIDA
12Polk,8371181,26520,12,315,FLORIDA
12Sarasota,3883655,6144,12,632,FLORIDA
12Alachua,2098991,10416,12,201,FLORIDA
12Baker,89306,1488,12,60,FLORIDA
12Bradford,908737,4416,12,205,FLORIDA
12Columbia,1658361,10200,12,162,FLORIDA
12Dixie,63377,1488,12,42,FLORIDA
12Hamilton,1477838,7440,12,198,FLORIDA
12Lafayette,131656,2928,12,44,FLORIDA
12Levy,1054616,10416,12,101,FLORIDA
12Madison,272870,2976,12,91,FLORIDA
12Marion,5211259,12720,12,409,FLORIDA
12Suwannee,995538,4464,12,223,FLORIDA
12Taylor,45670,1104,12,41,FLORIDA
12Bay,1495898,10800,12,138,FLORIDA
12Calhoun,400045,4464,12,89,FLORIDA
12Escambia,7178059,24048,12,298,FLORIDA
12Franklin,78681,1440,12,54,FLORIDA
12Gadsden,1468103,10416,12,140,FLORIDA
12Gulf,75924,1488,12,51,FLORIDA
12Holmes,66152,1488,12,44,FLORIDA
12Jackson,1871320,12576,12,148,FLORIDA
12Jefferson,215486,4416,12,48,FLORIDA
12Leon,4062675,17016,12,238,FLORIDA
12Liberty,78305,1440,12,54,FLORIDA
12Okaloosa,3945979,16944,12,232,FLORIDA
12Santa Rosa,2014637,10416,12,193,FLORIDA
12Wakulla,521515,2976,12,175,FLORIDA
12Walton,2607827,10896,12,239,FLORIDA
12Washington,962164,7008,12,137,FLORIDA
12Brevard,6450343,19128,12,337,FLORIDA
12Clay,1631808,6888,12,236,FLORIDA
12Duval,13158414,27072,12,486,FLORIDA
12Flagler,3234152,9888,12,327,FLORIDA
12Nassau,2409677,7440,12,323,FLORIDA
12Orange,12237457,26736,12,457,FLORIDA
12Putnam,886871,5952,12,149,FLORIDA
12Seminole,7073170,13248,12,533,FLORIDA
12St. Johns,2880194,10416,12,276,FLORIDA
12Volusia,5291008,15552,12,340,FLORIDA
12Broward,20483710,46176,12,443,FLORIDA
12Miami-Dade,30772327,55656,12,552,FLORIDA
12Indian River,976282,7344,12,132,FLORIDA
12Martin,3476931,9192,12,378,FLORIDA
12Monroe,2104018,5952,12,353,FLORIDA
12Osceola,3679168,11808,12,311,FLORIDA
12Palm Beach,28590034,56976,12,501,FLORIDA
12St. Lucie,4563708,19416,12,235,FLORIDA
12Sumter,1413917,2880,12,490,FLORIDA
13DeKalb,24288281,40560,13,598,GEORGIA
13Fulton,49991979,80352,13,622,GEORGIA
13Meriwether,1282551,2496,13,513,GEORGIA
13Houston,2169249,9360,13,231,GEORGIA
13Troup,2599842,11016,13,236,GEORGIA
13Chatham,14037682,37776,13,371,GEORGIA
13Camden,3622264,9840,13,368,GEORGIA
13Atkinson,243369,5376,13,45,GEORGIA
13Lowndes,3037632,8928,13,340,GEORGIA
13Clayton,10624124,22056,13,481,GEORGIA
13Glynn,1250496,9552,13,130,GEORGIA
13Bacon,99696,1920,13,51,GEORGIA
13Hart,1163973,6096,13,190,GEORGIA
13Barrow,232191,1392,13,166,GEORGIA
13Pickens,1298120,6528,13,198,GEORGIA
13Bulloch,454056,2784,13,163,GEORGIA
13Clarke,2937676,13752,13,213,GEORGIA
13Decatur,336162,2880,13,116,GEORGIA
13Fannin,657786,4464,13,147,GEORGIA
13Hall,730080,4416,13,165,GEORGIA
13Jenkins,87534,1344,13,65,GEORGIA
13Lumpkin,889169,4368,13,203,GEORGIA
13Mitchell,79714,1344,13,59,GEORGIA
13Thomas,231775,3552,13,65,GEORGIA
13Towns,31153,1488,13,20,GEORGIA
13Gwinnett,7628778,10392,13,734,GEORGIA
13Cobb,13096459,19512,13,671,GEORGIA
13Richmond,6996548,17544,13,398,GEORGIA
13Butts,2090575,3744,13,558,GEORGIA
13Dougherty,325767,2112,13,154,GEORGIA
13Bibb,14965301,48960,13,305,GEORGIA
13Harris,1128461,2880,13,391,GEORGIA
13Catoosa,2940251,4176,13,704,GEORGIA
13Haralson,61068,192,13,318,GEORGIA
13McIntosh,1202586,5568,13,215,GEORGIA
13Cherokee,109896,1392,13,78,GEORGIA
13Forsyth,148910,1200,13,124,GEORGIA
13Habersham,31933,1344,13,23,GEORGIA
13Oconee,132657,1488,13,89,GEORGIA
13Crisp,164435,2016,13,81,GEORGIA
13Jeff Davis,231133,2976,13,77,GEORGIA
13Brantley,153803,1824,13,84,GEORGIA
13Fayette,167287,1344,13,124,GEORGIA
13Bryan,2002262,8832,13,226,GEORGIA
13Pierce,51241,2688,13,19,GEORGIA
13Clinch,180510,2928,13,61,GEORGIA
13Laurens,812701,6624,13,122,GEORGIA
13Treutlen,515822,2880,13,179,GEORGIA
13Montgomery,133099,1488,13,89,GEORGIA
13Taliaferro,840674,2976,13,282,GEORGIA
13Muscogee,3804650,11664,13,326,GEORGIA
13Clay,49977,2496,13,20,GEORGIA
13Tift,1587753,5976,13,265,GEORGIA
13Douglas,1794488,3312,13,541,GEORGIA
13Dade,3498707,8688,13,402,GEORGIA
13Jackson,1952459,2976,13,656,GEORGIA
13Murray,236377,2160,13,109,GEORGIA
13Coweta,369954,2976,13,124,GEORGIA
13Monroe,1125602,2976,13,378,GEORGIA
13Liberty,275028,3312,13,83,GEORGIA
13Appling,43996,2928,13,15,GEORGIA
13Lee,447513,2976,13,150,GEORGIA
13Baldwin,275913,1488,13,185,GEORGIA
13Ben Hill,100915,1440,13,70,GEORGIA
13Gilmer,306283,1488,13,205,GEORGIA
13Walker,876056,4896,13,178,GEORGIA
13Floyd,869017,3936,13,220,GEORGIA
13Bartow,302569,2976,13,101,GEORGIA
13Emanuel,105870,1392,13,76,GEORGIA
13Warren,743238,2688,13,276,GEORGIA
13Morgan,920339,2880,13,319,GEORGIA
15Hawaii,3745332,14040,15,266,HAWAII
15Honolulu,74072011,143520,15,516,HAWAII
15Kauai,2967007,12648,15,234,HAWAII
15Maui,9969348,34224,15,291,HAWAII
19Pottawattamie,1763007,11904,19,148,IOWA
19Mills,358371,2880,19,124,IOWA
19Poweshiek,752892,2976,19,252,IOWA
19Hamilton,895471,5760,19,155,IOWA
19Monona,194937,1440,19,135,IOWA
19Decatur,438675,4416,19,99,IOWA
19Cerro Gordo,1534834,11808,19,129,IOWA
19Iowa,914609,2976,19,307,IOWA
19Benton,700826,4464,19,156,IOWA
19Cass,640969,4464,19,143,IOWA
19Dallas,1525439,5952,19,256,IOWA
19Polk,5678910,19656,19,288,IOWA
19Scott,4199494,14784,19,284,IOWA
19Cedar,1147522,4416,19,259,IOWA
19Wright,470928,5664,19,83,IOWA
19Warren,2064339,5760,19,358,IOWA
19Johnson,3073010,11616,19,264,IOWA
19Plymouth,279675,2016,19,138,IOWA
19Henry,381884,2976,19,128,IOWA
19Story,898141,7200,19,124,IOWA
19Delaware,145173,2976,19,48,IOWA
19Clinton,233324,2400,19,97,IOWA
19Black Hawk,530290,5208,19,101,IOWA
19Chickasaw,163519,2976,19,54,IOWA
19Floyd,263832,2976,19,88,IOWA
19Osceola,106391,2976,19,35,IOWA
19Hardin,258444,2976,19,86,IOWA
19Ida,101740,1440,19,70,IOWA
19Page,70379,1488,19,47,IOWA
19Webster,179647,1488,19,120,IOWA
19Davis,114161,2976,19,38,IOWA
19Clayton,66217,1488,19,44,IOWA
19Lee,273334,3648,19,74,IOWA
19Jackson,240719,4320,19,55,IOWA
19Crawford,92137,1488,19,61,IOWA
19Greene,244409,4368,19,55,IOWA
19Buena Vista,86252,1488,19,57,IOWA
19Palo Alto,82971,1488,19,55,IOWA
19Lucas,63089,1488,19,42,IOWA
19Marion,345920,2976,19,116,IOWA
19Dubuque,736790,5136,19,143,IOWA
19Howard,95904,1488,19,64,IOWA
19Wapello,253870,2976,19,85,IOWA
19Jones,335108,2976,19,112,IOWA
19Allamakee,40530,1056,19,38,IOWA
19Calhoun,192431,4416,19,43,IOWA
19O'Brien,384,744,19,0,IOWA
19Tama,996,672,19,1,IOWA
19Monroe,2779,744,19,3,IOWA
19Union,1765,648,19,2,IOWA
19Clay,220269,2880,19,76,IOWA
19Linn,4876452,15552,19,313,IOWA
19Dickinson,323819,2976,19,108,IOWA
19Audubon,131128,2880,19,45,IOWA
19Marshall,146361,2688,19,54,IOWA
19Mitchell,140717,2976,19,47,IOWA
19Fayette,180229,2976,19,60,IOWA
19Woodbury,432058,2880,19,150,IOWA
16Kootenai,8353944,34032,16,245,IDAHO
16Ada,34664262,114144,16,303,IDAHO
16Twin Falls,610211,9552,16,63,IDAHO
16Bannock,6462066,46224,16,139,IDAHO
16Nez Perce,545498,7440,16,73,IDAHO
16Gooding,616153,4464,16,138,IDAHO
16Canyon,21127869,72648,16,290,IDAHO
16Bear Lake,130601,5952,16,21,IDAHO
16Bonneville,2525533,17376,16,145,IDAHO
16Lemhi,83606,4464,16,18,IDAHO
16Lincoln,79905,1344,16,59,IDAHO
16Latah,1246776,13248,16,94,IDAHO
16Boundary,258449,5088,16,50,IDAHO
16Butte,62796,4128,16,15,IDAHO
16Cassia,832394,11616,16,71,IDAHO
16Lewis,139549,3720,16,37,IDAHO
16Oneida,526977,5952,16,88,IDAHO
16Adams,142292,3936,16,36,IDAHO
16Bonner,1542776,15576,16,99,IDAHO
16Blaine,402887,2928,16,137,IDAHO
16Fremont,76715,5136,16,14,IDAHO
16Franklin,245833,4464,16,55,IDAHO
16Owyhee,54266,2976,16,18,IDAHO
16Idaho,103301,5952,16,17,IDAHO
16Valley,206432,2880,16,71,IDAHO
16Washington,231596,2976,16,77,IDAHO
16Jefferson,758140,5952,16,127,IDAHO
16Boise,298692,8208,16,36,IDAHO
16Elmore,458849,4464,16,102,IDAHO
16Custer,17888,2976,16,6,IDAHO
16Madison,57833,1488,16,38,IDAHO
16Caribou,105700,2784,16,37,IDAHO
16Teton,438385,4464,16,98,IDAHO
16Bingham,534442,4080,16,130,IDAHO
16Jerome,2170333,10416,16,208,IDAHO
16Power,696079,7152,16,97,IDAHO
16Shoshone,156854,2976,16,52,IDAHO
16Clark,59735,3072,16,19,IDAHO
16Gem,53646,1488,16,36,IDAHO
16Payette,1476420,10416,16,141,IDAHO
16Benewah,44945,1392,16,32,IDAHO
17Lake,1990747,7584,17,262,ILLINOIS
17Cook,10935808,13704,17,798,ILLINOIS
17DuPage,5270463,6720,17,784,ILLINOIS
17Kane,13675,672,17,20,ILLINOIS
17McHenry,200017,1392,17,143,ILLINOIS
17Will,7096071,11616,17,610,ILLINOIS
17Ogle,483541,816,17,592,ILLINOIS
17Henry,73980,1248,17,59,ILLINOIS
17LaSalle,771694,1488,17,518,ILLINOIS
17Kankakee,271910,1488,17,182,ILLINOIS
17Fulton,338496,2736,17,123,ILLINOIS
17Warren,113308,1296,17,87,ILLINOIS
17Tazewell,508674,2832,17,179,ILLINOIS
17Peoria,345200,768,17,449,ILLINOIS
17Moultrie,44551,1152,17,38,ILLINOIS
17Macon,596046,1680,17,354,ILLINOIS
17Clark,184051,384,17,479,ILLINOIS
17McLean,1452541,2640,17,550,ILLINOIS
17Champaign,470956,1008,17,467,ILLINOIS
17Sangamon,5796429,7632,17,759,ILLINOIS
17Logan,553203,912,17,606,ILLINOIS
17Adams,140845,720,17,195,ILLINOIS
17Morgan,134072,960,17,139,ILLINOIS
17Effingham,1132313,2928,17,386,ILLINOIS
17Jefferson,509456,720,17,707,ILLINOIS
17Jasper,64865,1440,17,45,ILLINOIS
17St. Clair,4074400,5976,17,681,ILLINOIS
17Madison,3638631,5136,17,708,ILLINOIS
17Jersey,76701,1008,17,76,ILLINOIS
17Clinton,41742,336,17,124,ILLINOIS
17Williamson,80431,144,17,558,ILLINOIS
17Massac,258933,432,17,599,ILLINOIS
17Franklin,68418,1296,17,52,ILLINOIS
17Jackson,336868,1056,17,319,ILLINOIS
18Adams,250665,2304,18,108,INDIANA
18Allen,1792894,6336,18,282,INDIANA
18Benton,66744,2016,18,33,INDIANA
18Carroll,133564,1392,18,95,INDIANA
18Cass,38935,1440,18,27,INDIANA
18Clark,1328830,3456,18,384,INDIANA
18Clay,611397,3120,18,195,INDIANA
18Crawford,107423,1392,18,77,INDIANA
18Daviess,224557,1248,18,179,INDIANA
18Dearborn,336099,2976,18,112,INDIANA
18DeKalb,696833,2496,18,279,INDIANA
18Delaware,925802,2112,18,438,INDIANA
18Elkhart,232024,2256,18,102,INDIANA
18Floyd,891609,2784,18,320,INDIANA
18Gibson,364363,3648,18,99,INDIANA
18Grant,575734,2016,18,285,INDIANA
18Hamilton,866571,2304,18,376,INDIANA
18Hancock,994326,2592,18,383,INDIANA
18Huntington,571311,2016,18,283,INDIANA
18Jackson,1010932,2784,18,363,INDIANA
18Jefferson,212898,2400,18,88,INDIANA
18Knox,38081,1440,18,26,INDIANA
18Kosciusko,320484,1296,18,247,INDIANA
18Lake,403098,2784,18,144,INDIANA
18LaPorte,200026,2208,18,90,INDIANA
18Madison,268950,1392,18,193,INDIANA
18Marion,3902577,10752,18,362,INDIANA
18Marshall,219829,1536,18,143,INDIANA
18Miami,153292,1632,18,93,INDIANA
18Montgomery,70937,1392,18,50,INDIANA
18Morgan,157805,1056,18,149,INDIANA
18Posey,316003,2112,18,149,INDIANA
18Ripley,62724,864,18,72,INDIANA
18Tippecanoe,628840,3312,18,189,INDIANA
18Vermillion,429844,2592,18,165,INDIANA
18Wayne,917262,2400,18,382,INDIANA
18Wells,50360,1200,18,41,INDIANA
20Hamilton,43097,1488,20,28,KANSAS
20Wallace,16236,1488,20,10,KANSAS
20Sherman,276517,2976,20,92,KANSAS
20Greeley,21883,1488,20,14,KANSAS
20Grant,46186,1488,20,31,KANSAS
20Wichita,35757,1440,20,24,KANSAS
20Thomas,76719,2976,20,25,KANSAS
20Finney,134086,1488,20,90,KANSAS
20Logan,65970,1488,20,44,KANSAS
20Meade,115262,1392,20,82,KANSAS
20Sheridan,24202,1488,20,16,KANSAS
20Gove,9279,1488,20,6,KANSAS
20Ford,219947,5952,20,36,KANSAS
20Norton,26454,1488,20,17,KANSAS
20Hodgeman,25330,1488,20,17,KANSAS
20Trego,311064,2976,20,104,KANSAS
20Kiowa,187690,2976,20,63,KANSAS
20Phillips,67438,1488,20,45,KANSAS
20Pawnee,64038,1344,20,47,KANSAS
20Stafford,71637,1488,20,48,KANSAS
20Rice,190735,2976,20,64,KANSAS
20Ellsworth,346755,4464,20,77,KANSAS
20Reno,60020,1488,20,40,KANSAS
20Kingman,167585,4464,20,37,KANSAS
20Jewell,53964,1488,20,36,KANSAS
20Lincoln,27162,1488,20,18,KANSAS
20Mitchell,28080,2592,20,10,KANSAS
20Harper,40796,1488,20,27,KANSAS
20Republic,152594,2976,20,51,KANSAS
20McPherson,409208,2976,20,137,KANSAS
20Sedgwick,7672168,26712,20,287,KANSAS
20Saline,506946,3720,20,136,KANSAS
20Sumner,49950,1488,20,33,KANSAS
20Harvey,185089,1488,20,124,KANSAS
20Clay,63694,2832,20,22,KANSAS
20Cowley,336667,2976,20,113,KANSAS
20Geary,648353,5808,20,111,KANSAS
20Butler,209527,5160,20,40,KANSAS
20Riley,825986,5856,20,141,KANSAS
20Marshall,69049,1488,20,46,KANSAS
20Lyon,104542,1392,20,75,KANSAS
20Wabaunsee,323332,1536,20,210,KANSAS
20Shawnee,3638178,19200,20,189,KANSAS
20Chautauqua,72144,1488,20,48,KANSAS
20Woodson,94288,2976,20,31,KANSAS
20Coffey,416992,2880,20,144,KANSAS
20Jackson,186519,1488,20,125,KANSAS
20Brown,138925,2976,20,46,KANSAS
20Osage,153759,2928,20,52,KANSAS
20Jefferson,31412,1488,20,21,KANSAS
20Douglas,252483,2976,20,84,KANSAS
20Allen,74403,1488,20,50,KANSAS
20Neosho,217211,2976,20,72,KANSAS
20Franklin,836196,4464,20,187,KANSAS
20Labette,163302,2976,20,54,KANSAS
20Anderson,112951,2976,20,37,KANSAS
20Johnson,4088560,11880,20,344,KANSAS
20Wyandotte,2062444,4464,20,462,KANSAS
20Bourbon,177933,2688,20,66,KANSAS
21Adair,88070,1488,21,59,KENTUCKY
21Barren,332258,2976,21,111,KENTUCKY
21Boyd,300435,2976,21,100,KENTUCKY
21Boyle,698374,2976,21,234,KENTUCKY
21Bullitt,1782644,4464,21,399,KENTUCKY
21Butler,53443,1488,21,35,KENTUCKY
21Carter,544025,4464,21,121,KENTUCKY
21Clark,422815,2976,21,142,KENTUCKY
21Elliott,94015,1488,21,63,KENTUCKY
21Estill,33955,1488,21,22,KENTUCKY
21Fayette,4799469,10416,21,460,KENTUCKY
21Floyd,385790,4464,21,86,KENTUCKY
21Franklin,120365,1392,21,86,KENTUCKY
21Jefferson,14028083,27528,21,509,KENTUCKY
21Grant,153157,1488,21,102,KENTUCKY
21Graves,38729,1488,21,26,KENTUCKY
21Grayson,55872,1488,21,37,KENTUCKY
21Hancock,69496,672,21,103,KENTUCKY
21Hardin,507919,2976,21,170,KENTUCKY
21Harlan,200880,1488,21,135,KENTUCKY
21Henderson,1264137,2976,21,424,KENTUCKY
21Henry,366890,1152,21,318,KENTUCKY
21Jessamine,153954,768,21,200,KENTUCKY
21Kenton,5673853,10248,21,553,KENTUCKY
21Laurel,259279,1488,21,174,KENTUCKY
21Lawrence,205420,2976,21,69,KENTUCKY
21Lewis,149072,1488,21,100,KENTUCKY
21Logan,114519,2880,21,39,KENTUCKY
21McCracken,101244,1488,21,68,KENTUCKY
21Marion,290138,1488,21,194,KENTUCKY
21Marshall,84753,1152,21,73,KENTUCKY
21Mercer,476113,2976,21,159,KENTUCKY
21Muhlenberg,176897,1824,21,96,KENTUCKY
21Nelson,333707,2976,21,112,KENTUCKY
21Ohio,28939,1488,21,19,KENTUCKY
21Owen,94158,1488,21,63,KENTUCKY
21Owsley,117532,1488,21,78,KENTUCKY
21Pendleton,105877,1488,21,71,KENTUCKY
21Pike,1038258,5952,21,174,KENTUCKY
21Pulaski,222192,1488,21,149,KENTUCKY
21Russell,40193,1488,21,27,KENTUCKY
21Shelby,34040,1488,21,22,KENTUCKY
21Simpson,1383656,4464,21,309,KENTUCKY
21Union,19623,384,21,51,KENTUCKY
21Warren,1678130,4464,21,375,KENTUCKY
21Whitley,804264,2784,21,288,KENTUCKY
21Wolfe,27264,1488,21,18,KENTUCKY
21Woodford,915307,4896,21,186,KENTUCKY
22Bossier,711075,2976,22,238,LOUISIANA
22East Baton Rouge,3816043,9216,22,414,LOUISIANA
22Orleans,629836,2976,22,211,LOUISIANA
22Rapides,157255,1392,22,112,LOUISIANA
22Jefferson,4086964,6912,22,591,LOUISIANA
22Caldwell,64773,1488,22,43,LOUISIANA
22Calcasieu,4670678,10080,22,463,LOUISIANA
22Tangipahoa,160802,576,22,279,LOUISIANA
22Evangeline,288792,1824,22,158,LOUISIANA
22Livingston,1387809,2880,22,481,LOUISIANA
22Avoyelles,24477,432,22,56,LOUISIANA
22St. John the Baptist,2108493,5760,22,366,LOUISIANA
22Grant,45969,1440,22,31,LOUISIANA
22LaSalle,79404,1296,22,61,LOUISIANA
22Franklin,239383,2880,22,83,LOUISIANA
22Richland,74716,1008,22,74,LOUISIANA
22Claiborne,51107,1056,22,48,LOUISIANA
22Winn,10644,288,22,36,LOUISIANA
22East Feliciana,129281,1248,22,103,LOUISIANA
22St. Bernard,118668,2256,22,52,LOUISIANA
22Washington,152523,1488,22,102,LOUISIANA
22Vermilion,337744,1488,22,226,LOUISIANA
22Allen,243850,2976,22,81,LOUISIANA
22Caddo,60663,1488,22,40,LOUISIANA
22Sabine,37782,1440,22,26,LOUISIANA
22St. Tammany,870127,1920,22,453,LOUISIANA
22West Baton Rouge,921682,1440,22,640,LOUISIANA
22Ouachita,367468,2976,22,123,LOUISIANA
25Franklin,953970,2256,25,422,MASSACHUSETTS
25Middlesex,18610801,12120,25,1535,MASSACHUSETTS
25Barnstable,2651922,2904,25,913,MASSACHUSETTS
25Worcester,6797976,6024,25,1128,MASSACHUSETTS
25Essex,10106356,8184,25,1234,MASSACHUSETTS
25Plymouth,2904154,3216,25,903,MASSACHUSETTS
25Hampden,4157504,3720,25,1117,MASSACHUSETTS
25Berkshire,898763,4104,25,218,MASSACHUSETTS
25Hampshire,356552,1200,25,297,MASSACHUSETTS
25Bristol,3388347,3936,25,860,MASSACHUSETTS
25Norfolk,5978366,1488,25,4017,MASSACHUSETTS
24Allegany,1628540,4224,24,385,MARYLAND
24Washington,2225558,4416,24,503,MARYLAND
24Frederick,4706163,5904,24,797,MARYLAND
24Montgomery,21542532,5952,24,3619,MARYLAND
24Charles,1639704,2448,24,669,MARYLAND
24Prince George's,12860384,5088,24,2527,MARYLAND
24Queen Anne's,93832,1296,24,72,MARYLAND
24Wicomico,1617058,2496,24,647,MARYLAND
24Somerset,1010407,2976,24,339,MARYLAND
24Baltimore,41327945,16656,24,2481,MARYLAND
24Kent,130629,1440,24,90,MARYLAND
24Anne Arundel,7994559,6480,24,1233,MARYLAND
24Talbot,905664,1488,24,608,MARYLAND
24Garrett,873837,2880,24,303,MARYLAND
24Howard,11244658,4416,24,2546,MARYLAND
24Cecil,279879,1488,24,188,MARYLAND
24Worcester,532556,2976,24,178,MARYLAND
24Calvert,789060,1488,24,530,MARYLAND
23Lincoln,259738,1488,23,174,MAINE
23Knox,376234,1488,23,252,MAINE
23Penobscot,140260,1488,23,94,MAINE
23Hancock,674492,4464,23,151,MAINE
23Waldo,301622,1488,23,202,MAINE
23Androscoggin,483513,4464,23,108,MAINE
23Franklin,906783,2232,23,406,MAINE
23York,81488,744,23,109,MAINE
23Cumberland,74315,744,23,99,MAINE
23Somerset,21145,744,23,28,MAINE
23Oxford,85140,744,23,114,MAINE
26Alger,79801,1440,26,55,MICHIGAN
26Allegan,600376,1440,26,416,MICHIGAN
26Alpena,159470,1488,26,107,MICHIGAN
26Arenac,229089,1464,26,156,MICHIGAN
26Baraga,101641,1440,26,70,MICHIGAN
26Bay,2856798,5952,26,479,MICHIGAN
26Berrien,489131,1488,26,328,MICHIGAN
26Branch,557697,1488,26,374,MICHIGAN
26Calhoun,3128914,5952,26,525,MICHIGAN
26Chippewa,38476,1440,26,26,MICHIGAN
26Clare,119275,1248,26,95,MICHIGAN
26Clinton,1391002,2928,26,475,MICHIGAN
26Delta,484752,2976,26,162,MICHIGAN
26Dickinson,88535,1488,26,59,MICHIGAN
26Eaton,2274467,2880,26,789,MICHIGAN
26Genesee,5977816,7344,26,813,MICHIGAN
26Gogebic,125103,1488,26,84,MICHIGAN
26Grand Traverse,891504,2928,26,304,MICHIGAN
26Gratiot,116238,1488,26,78,MICHIGAN
26Hillsdale,188736,1488,26,126,MICHIGAN
26Ingham,5818488,7344,26,792,MICHIGAN
26Iron,29049,1440,26,20,MICHIGAN
26Jackson,1935203,2976,26,650,MICHIGAN
26Kalamazoo,3241952,2976,26,1089,MICHIGAN
26Kalkaska,352719,2928,26,120,MICHIGAN
26Kent,8399280,7152,26,1174,MICHIGAN
26Ottawa,5593106,4416,26,1266,MICHIGAN
26Lake,99326,1488,26,66,MICHIGAN
26Livingston,3945138,2976,26,1325,MICHIGAN
26Mackinac,216840,2880,26,75,MICHIGAN
26Macomb,5050886,2232,26,2262,MICHIGAN
26Marquette,245119,2880,26,85,MICHIGAN
26Mason,79850,1488,26,53,MICHIGAN
26Menominee,67488,1440,26,46,MICHIGAN
26Monroe,1916676,2928,26,654,MICHIGAN
26Montcalm,543228,1488,26,365,MICHIGAN
26Muskegon,1754743,1488,26,1179,MICHIGAN
26Oakland,24886811,12696,26,1960,MICHIGAN
26Oceana,150715,1056,26,142,MICHIGAN
26Ogemaw,89703,1440,26,62,MICHIGAN
26Ontonagon,51863,1440,26,36,MICHIGAN
26Osceola,172424,2928,26,58,MICHIGAN
26Otsego,293028,1488,26,196,MICHIGAN
26Roscommon,468564,2784,26,168,MICHIGAN
26Saginaw,2245935,2976,26,754,MICHIGAN
26Sanilac,318723,4272,26,74,MICHIGAN
26Schoolcraft,51169,1440,26,35,MICHIGAN
26Shiawassee,1015488,1488,26,682,MICHIGAN
26St. Clair,1049982,2928,26,358,MICHIGAN
26St. Joseph,176042,1488,26,118,MICHIGAN
26Van Buren,1260463,2832,26,445,MICHIGAN
26Washtenaw,1935970,1488,26,1301,MICHIGAN
26Wayne,39334345,18456,26,2131,MICHIGAN
26Wexford,159976,1440,26,111,MICHIGAN
27Cottonwood,10818,1488,27,7,MINNESOTA
27St. Louis,777994,1488,27,522,MINNESOTA
27Clearwater,109000,1488,27,73,MINNESOTA
27Ramsey,9224977,4464,27,2066,MINNESOTA
27Dakota,5723414,4464,27,1282,MINNESOTA
27Hennepin,23688586,10416,27,2274,MINNESOTA
27Scott,652013,1488,27,438,MINNESOTA
27Anoka,1243091,1488,27,835,MINNESOTA
29Nodaway,46217,936,29,49,MISSOURI
29Buchanan,1988788,7752,29,256,MISSOURI
29Holt,203170,1584,29,128,MISSOURI
29Daviess,162770,1200,29,135,MISSOURI
29Macon,333815,3936,29,84,MISSOURI
29Adair,168742,2592,29,65,MISSOURI
29Livingston,98787,1296,29,76,MISSOURI
29Polk,127245,1200,29,106,MISSOURI
29Pike,35351,1296,29,27,MISSOURI
29Lewis,185191,2592,29,71,MISSOURI
29Shelby,22594,576,29,39,MISSOURI
29Audrain,115444,1296,29,89,MISSOURI
29Jackson,15233717,24576,29,619,MISSOURI
29Clay,2607126,7776,29,335,MISSOURI
29Pettis,943573,6120,29,154,MISSOURI
29Platte,1877513,3456,29,543,MISSOURI
29Cooper,809018,2400,29,337,MISSOURI
29Boone,1106043,4608,29,240,MISSOURI
29Maries,123374,1296,29,95,MISSOURI
29Gasconade,50122,1104,29,45,MISSOURI
29Cole,1977715,5952,29,332,MISSOURI
29Camden,607614,2592,29,234,MISSOURI
29Miller,264274,1536,29,172,MISSOURI
29St. Louis,16397310,30120,29,544,MISSOURI
29St. Charles,4629571,10368,29,446,MISSOURI
29Ste. Genevieve,234956,1296,29,181,MISSOURI
29Jefferson,248855,1200,29,207,MISSOURI
29Barry,144413,1296,29,111,MISSOURI
29Lawrence,90634,1248,29,72,MISSOURI
29McDonald,295143,1920,29,153,MISSOURI
29Jasper,369602,2592,29,142,MISSOURI
29Newton,639416,2160,29,296,MISSOURI
29Stone,173199,2352,29,73,MISSOURI
29Greene,1617377,6624,29,244,MISSOURI
29Taney,1551842,7512,29,206,MISSOURI
29Wright,52192,1296,29,40,MISSOURI
29Howell,238077,2208,29,107,MISSOURI
29Washington,165809,1296,29,127,MISSOURI
29Dent,91757,1248,29,73,MISSOURI
29Carter,139989,2496,29,56,MISSOURI
29Pulaski,349463,1248,29,280,MISSOURI
29Cape Girardeau,96922,1056,29,91,MISSOURI
29Pemiscot,187543,2256,29,83,MISSOURI
29Butler,182959,2496,29,73,MISSOURI
29Dunklin,129964,1200,29,108,MISSOURI
29Mississippi,290599,1728,29,168,MISSOURI
28Adams,719864,2976,28,241,MISSISSIPPI
28Amite,64856,1056,28,61,MISSISSIPPI
28Attala,341913,4272,28,80,MISSISSIPPI
28Calhoun,40933,1488,28,27,MISSISSIPPI
28Claiborne,44179,1488,28,29,MISSISSIPPI
28Clarke,29988,1488,28,20,MISSISSIPPI
28Coahoma,405342,5664,28,71,MISSISSIPPI
28Copiah,152490,1488,28,102,MISSISSIPPI
28Covington,496908,2304,28,215,MISSISSIPPI
28DeSoto,2225366,10368,28,214,MISSISSIPPI
28Franklin,139403,2976,28,46,MISSISSIPPI
28George,239176,2784,28,85,MISSISSIPPI
28Wayne,93559,1824,28,51,MISSISSIPPI
28Grenada,526090,2880,28,182,MISSISSIPPI
28Harrison,6231092,20256,28,307,MISSISSIPPI
28Hinds,2264542,5760,28,393,MISSISSIPPI
28Holmes,368482,2400,28,153,MISSISSIPPI
28Humphreys,165024,4368,28,37,MISSISSIPPI
28Itawamba,381098,2976,28,128,MISSISSIPPI
28Jackson,4375222,16176,28,270,MISSISSIPPI
28Lafayette,1032542,4320,28,239,MISSISSIPPI
28Lamar,861611,5856,28,147,MISSISSIPPI
28Lauderdale,618347,5280,28,117,MISSISSIPPI
28Lawrence,168056,2976,28,56,MISSISSIPPI
28Lee,1164631,5760,28,202,MISSISSIPPI
28Pontotoc,901800,2976,28,303,MISSISSIPPI
28Lincoln,559603,2592,28,215,MISSISSIPPI
28Lowndes,177176,2880,28,61,MISSISSIPPI
28Madison,1125139,2976,28,378,MISSISSIPPI
28Marshall,726073,2784,28,260,MISSISSIPPI
28Neshoba,394524,2976,28,132,MISSISSIPPI
28Oktibbeha,115713,1248,28,92,MISSISSIPPI
28Panola,92353,2976,28,31,MISSISSIPPI
28Pearl River,863059,2976,28,290,MISSISSIPPI
28Pike,460946,2592,28,177,MISSISSIPPI
28Rankin,3076721,7440,28,413,MISSISSIPPI
28Scott,585823,2976,28,196,MISSISSIPPI
28Stone,378103,2112,28,179,MISSISSIPPI
28Sunflower,231367,2784,28,83,MISSISSIPPI
28Tishomingo,190432,2976,28,63,MISSISSIPPI
28Union,570046,2976,28,191,MISSISSIPPI
28Walthall,33834,1440,28,23,MISSISSIPPI
28Warren,290247,4368,28,66,MISSISSIPPI
28Washington,708833,5952,28,119,MISSISSIPPI
28Wilkinson,173271,2976,28,58,MISSISSIPPI
28Winston,144169,1488,28,96,MISSISSIPPI
30Jefferson,383172,5952,30,64,MONTANA
30Wibaux,109758,4464,30,24,MONTANA
30Gallatin,1014894,12528,30,81,MONTANA
30Lake,440377,5808,30,75,MONTANA
30Cascade,1447360,10224,30,141,MONTANA
30Roosevelt,75760,1488,30,50,MONTANA
30Fergus,111468,4464,30,24,MONTANA
30Beaverhead,184843,7248,30,25,MONTANA
30Missoula,1483532,14544,30,102,MONTANA
30Park,377390,4464,30,84,MONTANA
30Lewis and Clark,718027,8880,30,80,MONTANA
30Custer,161731,5952,30,27,MONTANA
30Blaine,91947,3720,30,24,MONTANA
30Flathead,390718,4320,30,90,MONTANA
30Yellowstone,2722159,18624,30,146,MONTANA
30Mineral,287216,5856,30,49,MONTANA
30Rosebud,29829,2976,30,10,MONTANA
30Glacier,132391,2928,30,45,MONTANA
30Garfield,9977,1488,30,6,MONTANA
30Pondera,5760,1440,30,4,MONTANA
30Hill,39042,2880,30,13,MONTANA
30Ravalli,622781,5952,30,104,MONTANA
30Big Horn,88743,2880,30,30,MONTANA
30Carbon,79429,1440,30,55,MONTANA
30Toole,127627,5856,30,21,MONTANA
30Powder River,22136,1440,30,15,MONTANA
30Deer Lodge,23367,1488,30,15,MONTANA
30Madison,103981,4464,30,23,MONTANA
30Richland,11177,1488,30,7,MONTANA
30Fallon,20285,1488,30,13,MONTANA
30Broadwater,143602,1488,30,96,MONTANA
30Golden Valley,40429,1440,30,28,MONTANA
30Judith Basin,53162,1488,30,35,MONTANA
30Chouteau,69766,1488,30,46,MONTANA
30Sanders,36798,1056,30,34,MONTANA
30Stillwater,237651,2592,30,91,MONTANA
30Silver Bow,330711,2976,30,111,MONTANA
30Phillips,1213,1488,30,0,MONTANA
30Sheridan,8092,1488,30,5,MONTANA
30Dawson,70454,2976,30,23,MONTANA
37Avery,144381,1488,37,97,NORTH CAROLINA
37Brunswick,1540550,2928,37,526,NORTH CAROLINA
37Buncombe,1659735,1488,37,1115,NORTH CAROLINA
37Burke,1427066,1488,37,959,NORTH CAROLINA
37Carteret,411532,1488,37,276,NORTH CAROLINA
37Chatham,892425,2976,37,299,NORTH CAROLINA
37Cumberland,3327011,4464,37,745,NORTH CAROLINA
37Dare,609028,4464,37,136,NORTH CAROLINA
37Duplin,524354,4464,37,117,NORTH CAROLINA
37Durham,472793,1488,37,317,NORTH CAROLINA
37Edgecombe,21715,1488,37,14,NORTH CAROLINA
37Forsyth,2204036,2976,37,740,NORTH CAROLINA
37Gaston,106722,2976,37,35,NORTH CAROLINA
37Guilford,2448479,2976,37,822,NORTH CAROLINA
37Harnett,405761,1488,37,272,NORTH CAROLINA
37Haywood,187091,1488,37,125,NORTH CAROLINA
37Johnston,2204342,2976,37,740,NORTH CAROLINA
37Lenoir,126015,1488,37,84,NORTH CAROLINA
37Mecklenburg,1746729,1104,37,1582,NORTH CAROLINA
37Moore,45779,1488,37,30,NORTH CAROLINA
37Nash,2189884,4320,37,506,NORTH CAROLINA
37New Hanover,1098583,2976,37,369,NORTH CAROLINA
37Orange,28552,1488,37,19,NORTH CAROLINA
37Perquimans,493485,1488,37,331,NORTH CAROLINA
37Pitt,1008653,2976,37,338,NORTH CAROLINA
37Sampson,125560,1488,37,84,NORTH CAROLINA
37Stokes,98305,1440,37,68,NORTH CAROLINA
37Surry,1023824,2976,37,344,NORTH CAROLINA
37Swain,120374,1488,37,80,NORTH CAROLINA
37Union,14616,1488,37,9,NORTH CAROLINA
37Vance,14158,1488,37,9,NORTH CAROLINA
37Wake,5445220,4944,37,1101,NORTH CAROLINA
37Wayne,105689,1440,37,73,NORTH CAROLINA
37Wilkes,274450,1488,37,184,NORTH CAROLINA
37Camden,390354,1488,37,262,NORTH CAROLINA
37Catawba,840619,1488,37,564,NORTH CAROLINA
37Columbus,403177,1488,37,270,NORTH CAROLINA
37Davidson,718299,1488,37,482,NORTH CAROLINA
37Hyde,51648,1488,37,34,NORTH CAROLINA
37Pender,122651,1488,37,82,NORTH CAROLINA
37Randolph,538101,1488,37,361,NORTH CAROLINA
38Griggs,19265,1248,38,15,NORTH DAKOTA
38Cass,563030,1824,38,308,NORTH DAKOTA
38Hettinger,4762,768,38,6,NORTH DAKOTA
38Williams,201489,1248,38,161,NORTH DAKOTA
38Morton,529844,1248,38,424,NORTH DAKOTA
38Stark,26160,384,38,68,NORTH DAKOTA
38Ward,142989,2592,38,55,NORTH DAKOTA
31Banner,14446,744,31,19,NEBRASKA
31Dawson,555733,2232,31,248,NEBRASKA
31Nuckolls,16482,1488,31,11,NEBRASKA
31Dodge,500534,2976,31,168,NEBRASKA
31Sarpy,5330800,5952,31,895,NEBRASKA
31Cass,116599,744,31,156,NEBRASKA
31Dakota,405570,2088,31,194,NEBRASKA
31Dawes,59043,744,31,79,NEBRASKA
31Custer,73692,744,31,99,NEBRASKA
31Furnas,137769,2232,31,61,NEBRASKA
31Polk,6774,744,31,9,NEBRASKA
31Cuming,39490,744,31,53,NEBRASKA
31Gage,9764,744,31,13,NEBRASKA
31Brown,14972,696,31,21,NEBRASKA
31Deuel,176837,2232,31,79,NEBRASKA
31Lancaster,3151560,7440,31,423,NEBRASKA
31Chase,15912,744,31,21,NEBRASKA
31Scotts Bluff,316423,2976,31,106,NEBRASKA
31Douglas,9336711,7440,31,1254,NEBRASKA
31Hall,1172590,2976,31,394,NEBRASKA
31Cedar,91589,2232,31,41,NEBRASKA
31Lincoln,434557,1920,31,226,NEBRASKA
31Adams,102333,744,31,137,NEBRASKA
31Seward,1638032,3720,31,440,NEBRASKA
31Howard,156410,744,31,210,NEBRASKA
31Pierce,360840,2976,31,121,NEBRASKA
31Phelps,176408,2232,31,79,NEBRASKA
31Hamilton,623445,1488,31,418,NEBRASKA
31Madison,135334,1488,31,90,NEBRASKA
31Cherry,21626,1488,31,14,NEBRASKA
31Garfield,8862,1488,31,5,NEBRASKA
31York,11204,744,31,15,NEBRASKA
31Cheyenne,181336,1488,31,121,NEBRASKA
31Buffalo,553531,1488,31,371,NEBRASKA
31Thayer,101322,1344,31,75,NEBRASKA
33Belknap,1228510,3720,33,330,NEW HAMPSHIRE
33Merrimack,11365317,11640,33,976,NEW HAMPSHIRE
33Carroll,399013,2928,33,136,NEW HAMPSHIRE
33Hillsborough,5686713,4512,33,1260,NEW HAMPSHIRE
33Grafton,3441425,6648,33,517,NEW HAMPSHIRE
33Rockingham,11746345,9264,33,1267,NEW HAMPSHIRE
33Cheshire,865144,2232,33,387,NEW HAMPSHIRE
33Sullivan,388550,1488,33,261,NEW HAMPSHIRE
33Strafford,2635414,2976,33,885,NEW HAMPSHIRE
33Coos,105217,744,33,141,NEW HAMPSHIRE
34Morris,4967143,11856,34,418,NEW JERSEY
34Passaic,5815438,8928,34,651,NEW JERSEY
34Essex,4325518,8016,34,539,NEW JERSEY
34Bergen,8150751,12648,34,644,NEW JERSEY
34Mercer,1366407,2976,34,459,NEW JERSEY
34Atlantic,2519415,7392,34,340,NEW JERSEY
34Middlesex,8593023,14136,34,607,NEW JERSEY
34Hudson,1689494,4128,34,409,NEW JERSEY
34Somerset,894881,2976,34,300,NEW JERSEY
34Burlington,1832932,4464,34,410,NEW JERSEY
34Monmouth,89028,1488,34,59,NEW JERSEY
34Cumberland,634967,2976,34,213,NEW JERSEY
34Gloucester,876003,2976,34,294,NEW JERSEY
34Cape May,653847,5160,34,126,NEW JERSEY
34Sussex,1463861,2232,34,655,NEW JERSEY
34Hunterdon,653264,1488,34,439,NEW JERSEY
34Camden,327088,1488,34,219,NEW JERSEY
35Sandoval,256482,5904,35,43,NEW MEXICO
35San Juan,1284364,10656,35,120,NEW MEXICO
35Socorro,386646,5712,35,67,NEW MEXICO
35Lincoln,150310,3888,35,38,NEW MEXICO
35Chaves,382178,6048,35,63,NEW MEXICO
35Taos,579164,4320,35,134,NEW MEXICO
35De Baca,90189,1392,35,64,NEW MEXICO
35Curry,798677,8208,35,97,NEW MEXICO
35Eddy,580233,6672,35,86,NEW MEXICO
35Lea,316474,4320,35,73,NEW MEXICO
35Colfax,530299,9936,35,53,NEW MEXICO
35Guadalupe,34209,1296,35,26,NEW MEXICO
35Rio Arriba,478470,5808,35,82,NEW MEXICO
35Torrance,802258,5520,35,145,NEW MEXICO
35Grant,14510,528,35,27,NEW MEXICO
35Luna,144997,2928,35,49,NEW MEXICO
35Hidalgo,494983,4896,35,101,NEW MEXICO
35Bernalillo,6455284,20592,35,313,NEW MEXICO
35Roosevelt,60914,2016,35,30,NEW MEXICO
35Valencia,780736,2688,35,290,NEW MEXICO
35Santa Fe,7816953,38688,35,202,NEW MEXICO
35Cibola,1246488,5568,35,223,NEW MEXICO
35McKinley,294194,2784,35,105,NEW MEXICO
35Do√±a Ana,2122135,18720,35,113,NEW MEXICO
35Union,115153,3456,35,33,NEW MEXICO
35San Miguel,339544,4128,35,82,NEW MEXICO
35Sierra,127554,1344,35,94,NEW MEXICO
35Otero,111056,1920,35,57,NEW MEXICO
32Churchill,851929,9864,32,86,NEVADA
32Clark,41970954,119664,32,350,NEVADA
32Douglas,2521215,14880,32,169,NEVADA
32Elko,1006412,14088,32,71,NEVADA
32Esmeralda,57912,1488,32,38,NEVADA
32Humboldt,445341,6408,32,69,NEVADA
32Lander,112546,1920,32,58,NEVADA
32Lincoln,37274,1488,32,25,NEVADA
32Lyon,20038,1440,32,13,NEVADA
32Nye,16670,1488,32,11,NEVADA
32Washoe,18208172,69840,32,260,NEVADA
32Carson City,1632342,7440,32,219,NEVADA
32Pershing,210801,2976,32,70,NEVADA
32Storey,55432,1488,32,37,NEVADA
32White Pine,71252,2976,32,23,NEVADA
36Westchester,4200952,12528,36,335,NEW YORK
36Bronx,3064631,4920,36,622,NEW YORK
36Kings,1092695,3648,36,299,NEW YORK
36Richmond,2405034,9672,36,248,NEW YORK
36Nassau,15522071,24720,36,627,NEW YORK
36Queens,12878093,23616,36,545,NEW YORK
36Suffolk,7943352,21672,36,366,NEW YORK
36Albany,1037626,6696,36,154,NEW YORK
36Essex,431607,4464,36,96,NEW YORK
36Greene,896550,6600,36,135,NEW YORK
36Saratoga,3739853,13392,36,279,NEW YORK
36Schenectady,446089,2880,36,154,NEW YORK
36Warren,1818929,8184,36,222,NEW YORK
36Washington,332384,1488,36,223,NEW YORK
36Fulton,410870,4464,36,92,NEW YORK
36Hamilton,46279,1488,36,31,NEW YORK
36Herkimer,80262,1344,36,59,NEW YORK
36Madison,236366,1488,36,158,NEW YORK
36Montgomery,88398,1488,36,59,NEW YORK
36Oneida,33317901,8928,36,3731,NEW YORK
36Cortland,153308,2976,36,51,NEW YORK
36Onondaga,3556912,18456,36,192,NEW YORK
36Oswego,1040165,5232,36,198,NEW YORK
36Seneca,18799,192,36,97,NEW YORK
36Tompkins,1157779,4464,36,259,NEW YORK
36Wayne,225115,2976,36,75,NEW YORK
36Genesee,139898,1584,36,88,NEW YORK
36Livingston,82036,1344,36,61,NEW YORK
36Monroe,8263990,19056,36,433,NEW YORK
36Ontario,618554,5952,36,103,NEW YORK
36Wyoming,45453,1488,36,30,NEW YORK
36Cattaraugus,743510,7440,36,99,NEW YORK
36Chautauqua,792230,8688,36,91,NEW YORK
36Erie,4174130,16656,36,250,NEW YORK
36Niagara,773121,4896,36,157,NEW YORK
36Allegany,147138,1488,36,98,NEW YORK
36Chemung,293999,4464,36,65,NEW YORK
36Schuyler,129084,2832,36,45,NEW YORK
36Steuben,3267233,19440,36,168,NEW YORK
36Tioga,499887,2976,36,167,NEW YORK
36Yates,106436,1488,36,71,NEW YORK
36Clinton,593021,8400,36,70,NEW YORK
36Franklin,943918,5952,36,158,NEW YORK
36Jefferson,821438,11568,36,71,NEW YORK
36Lewis,103625,2976,36,34,NEW YORK
36St. Lawrence,421369,4464,36,94,NEW YORK
36Delaware,1143419,7440,36,153,NEW YORK
36Columbia,139104,2232,36,62,NEW YORK
36Dutchess,1551182,2976,36,521,NEW YORK
36Orange,3514926,10128,36,347,NEW YORK
36Putnam,4088414,8112,36,503,NEW YORK
36Rockland,282529,1488,36,189,NEW YORK
36Ulster,215597,1488,36,144,NEW YORK
36Broome,2292774,8112,36,282,NEW YORK
36Chenango,425616,1488,36,286,NEW YORK
36Otsego,260339,1392,36,187,NEW YORK
36Schoharie,602647,6600,36,91,NEW YORK
36Sullivan,1017944,6696,36,152,NEW YORK
39Clark,288831,2976,39,97,OHIO
39Guernsey,1405595,7440,39,188,OHIO
39Perry,127059,1488,39,85,OHIO
39Jackson,629412,4464,39,140,OHIO
39Auglaize,1069591,2976,39,359,OHIO
39Union,388871,2976,39,130,OHIO
39Athens,785083,7416,39,105,OHIO
39Shelby,117122,1488,39,78,OHIO
39Stark,8889596,24864,39,357,OHIO
39Ashtabula,763487,5856,39,130,OHIO
39Montgomery,12946778,32472,39,398,OHIO
39Franklin,8737032,15240,39,573,OHIO
39Allen,220430,1488,39,148,OHIO
39Belmont,1573876,7704,39,204,OHIO
39Jefferson,350019,2952,39,118,OHIO
39Warren,2234581,5064,39,441,OHIO
39Trumbull,4612281,15552,39,296,OHIO
39Summit,17791908,34776,39,511,OHIO
39Madison,1806457,4464,39,404,OHIO
39Ashland,2790771,8640,39,323,OHIO
39Morrow,58996,1488,39,39,OHIO
39Ottawa,685346,7440,39,92,OHIO
39Wyandot,518563,2976,39,174,OHIO
39Adams,118060,2952,39,39,OHIO
39Clermont,121725,1488,39,81,OHIO
39Pickaway,21358,744,39,28,OHIO
39Pike,380932,2976,39,128,OHIO
39Hamilton,3722907,5952,39,625,OHIO
39Mahoning,3726383,11904,39,313,OHIO
39Licking,3693572,9840,39,375,OHIO
39Monroe,168374,3504,39,48,OHIO
39Van Wert,198600,1392,39,142,OHIO
39Lucas,8079865,22728,39,355,OHIO
39Fairfield,1888390,5952,39,317,OHIO
39Knox,254164,1488,39,170,OHIO
39Miami,2061061,5952,39,346,OHIO
39Cuyahoga,43253422,76464,39,565,OHIO
39Lake,9669690,20760,39,465,OHIO
39Erie,1225862,7368,39,166,OHIO
39Wood,1243706,5352,39,232,OHIO
39Scioto,287798,2976,39,96,OHIO
39Holmes,276644,2232,39,123,OHIO
39Medina,5949312,18288,39,325,OHIO
39Richland,1462714,4464,39,327,OHIO
39Tuscarawas,1861605,8880,39,209,OHIO
39Hancock,1682523,5952,39,282,OHIO
39Muskingum,1105559,2976,39,371,OHIO
39Brown,159333,1488,39,107,OHIO
39Greene,1445250,2976,39,485,OHIO
39Clinton,1159427,2976,39,389,OHIO
39Delaware,841823,3720,39,226,OHIO
39Lorain,2038258,4464,39,456,OHIO
39Coshocton,257489,1488,39,173,OHIO
39Preble,719949,2280,39,315,OHIO
39Mercer,192134,1488,39,129,OHIO
39Portage,1841063,5952,39,309,OHIO
39Ross,363660,2976,39,122,OHIO
39Noble,532374,2976,39,178,OHIO
39Vinton,34918,1104,39,31,OHIO
39Washington,144012,1488,39,96,OHIO
39Columbiana,189190,1488,39,127,OHIO
39Wayne,1100760,4848,39,227,OHIO
39Crawford,404973,2976,39,136,OHIO
40Cleveland,5016441,12648,40,396,OKLAHOMA
40Canadian,567253,2976,40,190,OKLAHOMA
40Oklahoma,25359026,47088,40,538,OKLAHOMA
40Carter,2072464,5952,40,348,OKLAHOMA
40Creek,481142,2976,40,161,OKLAHOMA
40Tulsa,12068882,35328,40,341,OKLAHOMA
40Comanche,485561,2976,40,163,OKLAHOMA
40Kay,558519,4464,40,125,OKLAHOMA
40Jackson,125796,2976,40,42,OKLAHOMA
40Muskogee,617220,5760,40,107,OKLAHOMA
40Woodward,89158,2304,40,38,OKLAHOMA
40Love,1278350,2688,40,475,OKLAHOMA
40Bryan,557270,2976,40,187,OKLAHOMA
40Payne,523962,4416,40,118,OKLAHOMA
40Grady,170118,1920,40,88,OKLAHOMA
40Garfield,73672,2880,40,25,OKLAHOMA
40Okmulgee,277898,1440,40,192,OKLAHOMA
40Cotton,397011,2976,40,133,OKLAHOMA
40Washita,42093,1392,40,30,OKLAHOMA
40Woods,38101,1488,40,25,OKLAHOMA
40Kingfisher,66342,1440,40,46,OKLAHOMA
40Osage,85252,1488,40,57,OKLAHOMA
40Craig,35915,912,40,39,OKLAHOMA
40Adair,125733,1440,40,87,OKLAHOMA
40Latimer,24892,1488,40,16,OKLAHOMA
40Lincoln,185120,2976,40,62,OKLAHOMA
40Jefferson,122164,2976,40,41,OKLAHOMA
40Hughes,21748,1488,40,14,OKLAHOMA
40Pittsburg,124155,1488,40,83,OKLAHOMA
40Coal,110741,1488,40,74,OKLAHOMA
40Seminole,213419,2976,40,71,OKLAHOMA
40Beckham,341482,2976,40,114,OKLAHOMA
40Major,77189,1488,40,51,OKLAHOMA
40Beaver,214454,4368,40,49,OKLAHOMA
40Caddo,0,1488,40,0,OKLAHOMA
40Choctaw,167207,2880,40,58,OKLAHOMA
41Baker,462965,4464,41,103,OREGON
41Lincoln,1573646,7200,41,218,OREGON
41Benton,231386,4464,41,51,OREGON
41Clackamas,8498964,14736,41,576,OREGON
41Clatsop,565869,2976,41,190,OREGON
41Columbia,277311,1488,41,186,OREGON
41Coos,681527,4128,41,165,OREGON
41Crook,56639,1488,41,38,OREGON
41Deschutes,6794989,19296,41,352,OREGON
41Curry,317526,2976,41,106,OREGON
41Douglas,2499130,8736,41,286,OREGON
41Gilliam,319000,4464,41,71,OREGON
41Grant,40801,4464,41,9,OREGON
41Harney,94507,4464,41,21,OREGON
41Hood River,655570,2976,41,220,OREGON
41Jackson,4860597,13008,41,373,OREGON
41Jefferson,533425,2976,41,179,OREGON
41Josephine,1021385,4368,41,233,OREGON
41Klamath,1302656,13392,41,97,OREGON
41Lake,49328,4464,41,11,OREGON
41Lane,8592853,19344,41,444,OREGON
41Linn,5595965,10416,41,537,OREGON
41Malheur,901348,7440,41,121,OREGON
41Marion,7824964,14832,41,527,OREGON
41Morrow,442655,2976,41,148,OREGON
41Multnomah,50390823,21984,41,2292,OREGON
41Polk,1744897,5616,41,310,OREGON
41Sherman,66785,1488,41,44,OREGON
41Tillamook,123133,1488,41,82,OREGON
41Umatilla,2963342,13392,41,221,OREGON
41Union,859527,5952,41,144,OREGON
41Wasco,657322,2976,41,220,OREGON
41Washington,9931369,8544,41,1162,OREGON
41Yamhill,1573874,4416,41,356,OREGON
42Crawford,54314,1488,42,36,PENNSYLVANIA
42Clearfield,240092,2976,42,80,PENNSYLVANIA
42Tioga,82283,2976,42,27,PENNSYLVANIA
42Montgomery,429823,1200,42,358,PENNSYLVANIA
42Fulton,716348,4464,42,160,PENNSYLVANIA
42Washington,2216088,7440,42,297,PENNSYLVANIA
42Elk,76234,1488,42,51,PENNSYLVANIA
42Susquehanna,33155,1488,42,22,PENNSYLVANIA
42Potter,91252,1488,42,61,PENNSYLVANIA
42Jefferson,753078,2976,42,253,PENNSYLVANIA
42Cumberland,5012095,9672,42,518,PENNSYLVANIA
42Erie,995957,5952,42,167,PENNSYLVANIA
42Lycoming,846659,2976,42,284,PENNSYLVANIA
42Bucks,3355338,7344,42,456,PENNSYLVANIA
42Lehigh,3249709,5952,42,545,PENNSYLVANIA
42McKean,136378,1488,42,91,PENNSYLVANIA
42Union,784033,4656,42,168,PENNSYLVANIA
42Allegheny,637337,2592,42,245,PENNSYLVANIA
42Luzerne,2526716,5952,42,424,PENNSYLVANIA
42Fayette,522846,2976,42,175,PENNSYLVANIA
42Mercer,10984,1248,42,8,PENNSYLVANIA
42Cambria,599915,4272,42,140,PENNSYLVANIA
42Chester,247808,1488,42,166,PENNSYLVANIA
42Centre,658282,2976,42,221,PENNSYLVANIA
42Westmoreland,1547611,2880,42,537,PENNSYLVANIA
44Kent,52560491,39960,44,1315,RHODE ISLAND
44Providence,154037016,131184,44,1174,RHODE ISLAND
44Washington,4582063,10152,44,451,RHODE ISLAND
44Newport,718327,2688,44,267,RHODE ISLAND
45Orangeburg,7074099,5136,45,1377,SOUTH CAROLINA
45Bamberg,63989,744,45,86,SOUTH CAROLINA
45Laurens,16912214,9312,45,1816,SOUTH CAROLINA
45Barnwell,2143948,2928,45,732,SOUTH CAROLINA
45Berkeley,7791867,5928,45,1314,SOUTH CAROLINA
45York,1918718,744,45,2578,SOUTH CAROLINA
45Richland,14601930,4896,45,2982,SOUTH CAROLINA
45Abbeville,2961685,1992,45,1486,SOUTH CAROLINA
45Darlington,1039163,2232,45,465,SOUTH CAROLINA
45Dorchester,2924617,1488,45,1965,SOUTH CAROLINA
45Union,5142342,2064,45,2491,SOUTH CAROLINA
45Jasper,3056210,4464,45,684,SOUTH CAROLINA
45Sumter,6403374,2664,45,2403,SOUTH CAROLINA
45Dillon,115303,744,45,154,SOUTH CAROLINA
45Greenwood,112580,1488,45,75,SOUTH CAROLINA
45Kershaw,1243922,744,45,1671,SOUTH CAROLINA
45Beaufort,2039491,1488,45,1370,SOUTH CAROLINA
45Newberry,1143472,1392,45,821,SOUTH CAROLINA
45Lee,830225,744,45,1115,SOUTH CAROLINA
45Georgetown,1636973,3720,45,440,SOUTH CAROLINA
45Charleston,255449,2232,45,114,SOUTH CAROLINA
45Marion,3684165,2232,45,1650,SOUTH CAROLINA
45Lexington,3605149,1488,45,2422,SOUTH CAROLINA
45Florence,1136432,744,45,1527,SOUTH CAROLINA
45Fairfield,1333862,1464,45,911,SOUTH CAROLINA
45Cherokee,1937963,744,45,2604,SOUTH CAROLINA
45Calhoun,2005473,744,45,2695,SOUTH CAROLINA
45Clarendon,496866,672,45,739,SOUTH CAROLINA
45Chesterfield,143198,744,45,192,SOUTH CAROLINA
45Lancaster,585508,504,45,1161,SOUTH CAROLINA
46Lyman,32008,4320,46,7,SOUTH DAKOTA
46Brule,6803,720,46,9,SOUTH DAKOTA
46McCook,13674,1488,46,9,SOUTH DAKOTA
46Union,616128,5760,46,106,SOUTH DAKOTA
46Corson,20670,1776,46,11,SOUTH DAKOTA
46Butte,325943,7440,46,43,SOUTH DAKOTA
46Clay,135246,4080,46,33,SOUTH DAKOTA
46Jackson,12248,1440,46,8,SOUTH DAKOTA
46Douglas,13349,1488,46,8,SOUTH DAKOTA
46Jerauld,25991,1296,46,20,SOUTH DAKOTA
46Minnehaha,2371292,12168,46,194,SOUTH DAKOTA
46Hughes,81137,1488,46,54,SOUTH DAKOTA
46Codington,246920,4176,46,59,SOUTH DAKOTA
46Spink,59185,1440,46,41,SOUTH DAKOTA
46Walworth,51394,1440,46,35,SOUTH DAKOTA
46Lawrence,183101,3936,46,46,SOUTH DAKOTA
46Sanborn,76612,4224,46,18,SOUTH DAKOTA
46Campbell,143185,2880,46,49,SOUTH DAKOTA
46Custer,31284,2208,46,14,SOUTH DAKOTA
46Moody,63399,2976,46,21,SOUTH DAKOTA
46Brown,302413,7248,46,41,SOUTH DAKOTA
46Pennington,3418841,21336,46,160,SOUTH DAKOTA
46Aurora,147732,2688,46,54,SOUTH DAKOTA
46Yankton,131676,2688,46,48,SOUTH DAKOTA
46Beadle,3877,1488,46,2,SOUTH DAKOTA
46Stanley,437794,3408,46,128,SOUTH DAKOTA
46Brookings,459502,2688,46,170,SOUTH DAKOTA
46Hutchinson,85777,1440,46,59,SOUTH DAKOTA
46Todd,32797,1344,46,24,SOUTH DAKOTA
46Sully,26873,1440,46,18,SOUTH DAKOTA
46Kingsbury,19650,744,46,26,SOUTH DAKOTA
46Roberts,133231,2976,46,44,SOUTH DAKOTA
47Davidson,7070649,11160,47,633,TENNESSEE
47Putnam,510048,2976,47,171,TENNESSEE
47Rutherford,1191481,5952,47,200,TENNESSEE
47Maury,770346,5952,47,129,TENNESSEE
47Roane,133161,1488,47,89,TENNESSEE
47Grundy,149756,2976,47,50,TENNESSEE
47Hickman,99753,744,47,134,TENNESSEE
47Cumberland,99839,2232,47,44,TENNESSEE
47Madison,35116,1488,47,23,TENNESSEE
47Monroe,415915,2976,47,139,TENNESSEE
47Bradley,360469,1920,47,187,TENNESSEE
47Lincoln,88545,2976,47,29,TENNESSEE
47Humphreys,801640,4704,47,170,TENNESSEE
47Dickson,378454,1488,47,254,TENNESSEE
47Grainger,54384,1488,47,36,TENNESSEE
47Benton,150869,2976,47,50,TENNESSEE
47Decatur,66437,1488,47,44,TENNESSEE
47McNairy,223877,2880,47,77,TENNESSEE
47Unicoi,110178,1248,47,88,TENNESSEE
47Anderson,1407964,1488,47,946,TENNESSEE
47Smith,2039465,5952,47,342,TENNESSEE
47Dyer,404444,2976,47,135,TENNESSEE
47Clay,32630,1488,47,21,TENNESSEE
47Gibson,54431,1488,47,36,TENNESSEE
47Hardeman,20244,744,47,27,TENNESSEE
47Coffee,60902,1488,47,40,TENNESSEE
47Shelby,260932,2976,47,87,TENNESSEE
47Henderson,85056,1488,47,57,TENNESSEE
47Hamilton,476227,2976,47,160,TENNESSEE
47Knox,1023130,2976,47,343,TENNESSEE
48Travis,11343610,7824,48,1449,TEXAS
48Tom Green,405329,2688,48,150,TEXAS
48Presidio,91324,2832,48,32,TEXAS
48Milam,179033,1344,48,133,TEXAS
48Hopkins,150931,1392,48,108,TEXAS
48Sutton,277805,1248,48,222,TEXAS
48Lampasas,191851,1296,48,148,TEXAS
48Jack,130179,1344,48,96,TEXAS
48Dallas,21456374,9528,48,2251,TEXAS
48Taylor,298290,1344,48,221,TEXAS
48Dawson,48186,1344,48,35,TEXAS
48Tyler,220998,1344,48,164,TEXAS
48Wharton,133536,1920,48,69,TEXAS
48Haskell,110009,1248,48,88,TEXAS
48Motley,20495,1344,48,15,TEXAS
48Wheeler,349733,2592,48,134,TEXAS
48Collin,251732,576,48,437,TEXAS
48Denton,178901,1344,48,133,TEXAS
48Maverick,300644,2352,48,127,TEXAS
48DeWitt,248962,1344,48,185,TEXAS
48Aransas,100077,1344,48,74,TEXAS
48Houston,243896,1344,48,181,TEXAS
48Grimes,119938,1344,48,89,TEXAS
48Bastrop,890245,3888,48,228,TEXAS
48Navarro,844198,1344,48,628,TEXAS
48Cass,206173,1344,48,153,TEXAS
48Stephens,45174,1344,48,33,TEXAS
48Shackelford,49495,1056,48,46,TEXAS
48Martin,24352,1344,48,18,TEXAS
48Mason,77550,1344,48,57,TEXAS
48Live Oak,1336976,3984,48,335,TEXAS
48Armstrong,4677,576,48,8,TEXAS
48Hidalgo,5677904,9840,48,577,TEXAS
48El Paso,9773173,8016,48,1219,TEXAS
48Cherokee,59110,1344,48,43,TEXAS
48Cooke,159836,2016,48,79,TEXAS
48Van Zandt,75786,1344,48,56,TEXAS
48Fannin,218803,2688,48,81,TEXAS
48Camp,29166,1344,48,21,TEXAS
48Hardin,146332,1296,48,112,TEXAS
48Chambers,912473,2400,48,380,TEXAS
48Nueces,3241791,5376,48,603,TEXAS
48Brown,151205,1344,48,112,TEXAS
48Uvalde,276224,1344,48,205,TEXAS
48Val Verde,681136,6528,48,104,TEXAS
48Harris,38611416,13584,48,2842,TEXAS
48Victoria,834726,1344,48,621,TEXAS
48Gillespie,178655,1296,48,137,TEXAS
48Potter,286712,1296,48,221,TEXAS
48Lubbock,3415665,7152,48,477,TEXAS
48Tarrant,18992072,7968,48,2383,TEXAS
48Kaufman,1546139,2592,48,596,TEXAS
48Runnels,31429,1296,48,24,TEXAS
48Ochiltree,45203,1296,48,34,TEXAS
48Hudspeth,457048,2784,48,164,TEXAS
48Callahan,841409,1392,48,604,TEXAS
48Bexar,33195063,30768,48,1078,TEXAS
48Cameron,2461487,4896,48,502,TEXAS
48Wichita,2824528,5760,48,490,TEXAS
48Nacogdoches,930011,2856,48,325,TEXAS
48Brazos,1394551,3312,48,421,TEXAS
48Ector,2101296,2688,48,781,TEXAS
48Midland,1515116,2784,48,544,TEXAS
48Bowie,2837877,2784,48,1019,TEXAS
48Madison,797897,1152,48,692,TEXAS
48Childress,240832,1296,48,185,TEXAS
48Brazoria,606555,912,48,665,TEXAS
48Galveston,2527573,2544,48,993,TEXAS
48Jefferson,3281024,1392,48,2357,TEXAS
48Guadalupe,1460189,2640,48,553,TEXAS
48Parker,2328568,1392,48,1672,TEXAS
48Andrews,317254,2400,48,132,TEXAS
48Ward,105085,1104,48,95,TEXAS
48Bell,2204187,3408,48,646,TEXAS
48Kimble,401670,1344,48,298,TEXAS
48Webb,846068,2784,48,303,TEXAS
48Polk,227812,1392,48,163,TEXAS
48Kerr,344324,1344,48,256,TEXAS
48Randall,233207,1296,48,179,TEXAS
48Hunt,1020599,1296,48,787,TEXAS
48Wood,91435,1344,48,68,TEXAS
48Williamson,6272493,3888,48,1613,TEXAS
48Mitchell,489019,1392,48,351,TEXAS
48Culberson,56138,1296,48,43,TEXAS
48Wilbarger,566472,2448,48,231,TEXAS
48Clay,824136,2976,48,276,TEXAS
48Wise,2087013,6240,48,334,TEXAS
48Reeves,33790,336,48,100,TEXAS
48La Salle,576403,1392,48,414,TEXAS
48San Patricio,196410,1392,48,141,TEXAS
48Llano,115374,1296,48,89,TEXAS
48Zavala,172244,1296,48,132,TEXAS
48Brewster,26465,2160,48,12,TEXAS
48Jeff Davis,26593,1296,48,20,TEXAS
48Terrell,31956,1296,48,24,TEXAS
48Terry,80462,1392,48,57,TEXAS
48Montague,42059,1296,48,32,TEXAS
48Hale,319866,1248,48,256,TEXAS
48Orange,1716603,1392,48,1233,TEXAS
48Erath,373197,1344,48,277,TEXAS
48Palo Pinto,731919,2592,48,282,TEXAS
48Eastland,650791,1392,48,467,TEXAS
48Archer,195509,2784,48,70,TEXAS
48Irion,139661,1344,48,103,TEXAS
48Throckmorton,61595,2592,48,23,TEXAS
48Baylor,81461,1296,48,62,TEXAS
48Hood,615529,1344,48,457,TEXAS
48Johnson,886768,1296,48,684,TEXAS
48Swisher,262537,1296,48,202,TEXAS
48Garza,257084,1296,48,198,TEXAS
48Jasper,205545,1344,48,152,TEXAS
48Angelina,340320,1344,48,253,TEXAS
48Starr,75112,1488,48,50,TEXAS
48Duval,87957,1440,48,61,TEXAS
49Salt Lake,30412335,86016,49,353,UTAH
49Cache,1936427,12960,49,149,UTAH
49Rich,65847,2880,49,22,UTAH
49Sevier,341668,6168,49,55,UTAH
49Utah,10431819,38088,49,273,UTAH
49Morgan,486360,3888,49,125,UTAH
49Wasatch,784262,5952,49,131,UTAH
49Summit,3511166,15648,49,224,UTAH
49Box Elder,1669892,9360,49,178,UTAH
49Millard,418705,2976,49,140,UTAH
49Carbon,497445,5208,49,95,UTAH
49Davis,13244194,27696,49,478,UTAH
49Weber,4315072,10872,49,396,UTAH
49Tooele,1338012,5952,49,224,UTAH
49San Juan,221286,4464,49,49,UTAH
49Iron,576003,4464,49,129,UTAH
49Washington,5208352,19200,49,271,UTAH
49Beaver,542077,4368,49,124,UTAH
49Emery,339503,7440,49,45,UTAH
49Kane,167388,2832,49,59,UTAH
49Wayne,11295,1488,49,7,UTAH
49Piute,54492,2976,49,18,UTAH
49Grand,145175,2976,49,48,UTAH
49Uintah,33063,1488,49,22,UTAH
49Duchesne,271972,3480,49,78,UTAH
49Juab,507823,4464,49,113,UTAH
51Lee,117268,1488,51,78,VIRGINIA
51Grayson,53335,1488,51,35,VIRGINIA
51Bland,871975,2232,51,390,VIRGINIA
51Scott,396627,1488,51,266,VIRGINIA
51Tazewell,773499,2928,51,264,VIRGINIA
51Washington,5692410,8928,51,637,VIRGINIA
51Wythe,9555411,11712,51,815,VIRGINIA
51Russell,324348,1488,51,217,VIRGINIA
51Bristol,5375999,7440,51,722,VIRGINIA
51Wise,947876,2976,51,318,VIRGINIA
51Smyth,1833882,4464,51,410,VIRGINIA
51Floyd,225837,2976,51,75,VIRGINIA
51Botetourt,3938281,7368,51,534,VIRGINIA
51Carroll,2782277,5208,51,534,VIRGINIA
51Pulaski,4586410,8928,51,513,VIRGINIA
51Montgomery,6224342,6648,51,936,VIRGINIA
51Roanoke,16479813,20088,51,820,VIRGINIA
51Bedford,452512,1248,51,362,VIRGINIA
51Franklin,767966,2880,51,266,VIRGINIA
51Giles,325624,1488,51,218,VIRGINIA
51Henry,726661,4032,51,180,VIRGINIA
51Lynchburg,1165020,1488,51,782,VIRGINIA
51Cumberland,247640,2976,51,83,VIRGINIA
51Prince Edward,785609,5952,51,131,VIRGINIA
51Halifax,259934,1488,51,174,VIRGINIA
51Nelson,518855,2976,51,174,VIRGINIA
51Appomattox,263352,1488,51,176,VIRGINIA
51Pittsylvania,621209,2976,51,208,VIRGINIA
51Campbell,1712580,4464,51,383,VIRGINIA
51Brunswick,3911058,11856,51,329,VIRGINIA
51Dinwiddie,4749804,11904,51,399,VIRGINIA
51Goochland,7210758,10416,51,692,VIRGINIA
51Henrico,68822612,58296,51,1180,VIRGINIA
51Amelia,540206,2976,51,181,VIRGINIA
51Petersburg,10944378,16080,51,680,VIRGINIA
51Hanover,17993960,9576,51,1879,VIRGINIA
51Prince George,8669843,18456,51,469,VIRGINIA
51New Kent,5384826,5328,51,1010,VIRGINIA
51Chesterfield,23032142,18312,51,1257,VIRGINIA
51Powhatan,1567387,1488,51,1053,VIRGINIA
51Richmond,50795220,34824,51,1458,VIRGINIA
51Colonial Heights,4941433,2976,51,1660,VIRGINIA
51Mecklenburg,2707876,9144,51,296,VIRGINIA
51Surry,73853,1488,51,49,VIRGINIA
51Accomack,732812,2976,51,246,VIRGINIA
51Southampton,1491818,5904,51,252,VIRGINIA
51Sussex,5994910,12648,51,473,VIRGINIA
51Greensville,4407883,6696,51,658,VIRGINIA
51Newport News,6666292,4296,51,1551,VIRGINIA
51Norfolk,11050209,10776,51,1025,VIRGINIA
51Virginia Beach,10861666,9648,51,1125,VIRGINIA
51Emporia,1358365,1488,51,912,VIRGINIA
51James City,5660360,5208,51,1086,VIRGINIA
51Suffolk,2854785,4464,51,639,VIRGINIA
51York,4201049,8928,51,470,VIRGINIA
51Portsmouth,3816524,3576,51,1067,VIRGINIA
51Essex,209798,1488,51,140,VIRGINIA
51Gloucester,934766,1440,51,649,VIRGINIA
51Caroline,4700695,4368,51,1076,VIRGINIA
51Spotsylvania,8195535,3720,51,2203,VIRGINIA
51Stafford,17219801,7440,51,2314,VIRGINIA
51Fredericksburg,5516232,3720,51,1482,VIRGINIA
51Charlottesville,1178701,1488,51,792,VIRGINIA
51Fauquier,10978275,18360,51,597,VIRGINIA
51Orange,324849,1488,51,218,VIRGINIA
51Madison,494250,1488,51,332,VIRGINIA
51Albemarle,8452404,13800,51,612,VIRGINIA
51Louisa,2917033,4464,51,653,VIRGINIA
51Frederick,14342213,19488,51,735,VIRGINIA
51Rockbridge,6626317,9240,51,717,VIRGINIA
51Augusta,15419214,21696,51,710,VIRGINIA
51Warren,1965602,2976,51,660,VIRGINIA
51Harrisonburg,1655747,1464,51,1130,VIRGINIA
51Shenandoah,10556202,15624,51,675,VIRGINIA
51Rockingham,7212163,10416,51,692,VIRGINIA
51Clarke,1176830,2976,51,395,VIRGINIA
51Prince William,15082005,12000,51,1256,VIRGINIA
51Loudoun,10750431,5904,51,1820,VIRGINIA
51Fairfax,34134572,24360,51,1401,VIRGINIA
51Arlington,4587719,4464,51,1027,VIRGINIA
51Chesapeake,9253769,11832,51,782,VIRGINIA
51Hampton,3888552,4440,51,875,VIRGINIA
51Isle of Wight,892321,1488,51,599,VIRGINIA
51King George,471348,1488,51,316,VIRGINIA
51Culpeper,336213,1488,51,225,VIRGINIA
51Danville,487152,1488,51,327,VIRGINIA
51Alleghany,10890,744,51,14,VIRGINIA
50Addison,385923,2976,50,129,VERMONT
50Bennington,796341,7392,50,107,VERMONT
50Caledonia,534059,7152,50,74,VERMONT
50Chittenden,5814731,15072,50,385,VERMONT
50Franklin,383027,2928,50,130,VERMONT
50Grand Isle,224957,2208,50,101,VERMONT
50Lamoille,53933,2880,50,18,VERMONT
50Orange,702254,4416,50,159,VERMONT
50Orleans,377452,2976,50,126,VERMONT
50Rutland,1588860,7344,50,216,VERMONT
50Washington,4262422,17760,50,240,VERMONT
50Windham,2396907,13152,50,182,VERMONT
50Windsor,1972631,12192,50,161,VERMONT
53Grays Harbor,727707,5952,53,122,WASHINGTON
53Franklin,2598102,10416,53,249,WASHINGTON
53Kittitas,1699096,10416,53,163,WASHINGTON
53King,23272372,46632,53,499,WASHINGTON
53Pierce,15299205,22896,53,668,WASHINGTON
53Spokane,5393700,27816,53,193,WASHINGTON
53Chelan,3472709,17616,53,197,WASHINGTON
53Douglas,3340343,8088,53,412,WASHINGTON
53Yakima,2930161,16224,53,180,WASHINGTON
53Whatcom,5233606,14136,53,370,WASHINGTON
53Columbia,56298,2976,53,18,WASHINGTON
53Clark,4960709,8928,53,555,WASHINGTON
53Benton,5056725,17760,53,284,WASHINGTON
53Adams,573361,8304,53,69,WASHINGTON
53Okanogan,388057,5952,53,65,WASHINGTON
53Whitman,214244,2976,53,71,WASHINGTON
53Mason,54768,1488,53,36,WASHINGTON
53Snohomish,10895766,19800,53,550,WASHINGTON
53Ferry,70952,2640,53,26,WASHINGTON
53Stevens,448425,4416,53,101,WASHINGTON
53Walla Walla,195721,2232,53,87,WASHINGTON
53Thurston,7071312,14736,53,479,WASHINGTON
53Cowlitz,4641257,14640,53,317,WASHINGTON
53Lincoln,468821,3984,53,117,WASHINGTON
53Lewis,3834822,12432,53,308,WASHINGTON
53Jefferson,785041,2928,53,268,WASHINGTON
53Klickitat,206546,4464,53,46,WASHINGTON
53Kitsap,5761760,13200,53,436,WASHINGTON
53Grant,251295,2880,53,87,WASHINGTON
53Garfield,42086,1440,53,29,WASHINGTON
53Clallam,688802,4320,53,159,WASHINGTON
53Pacific,115494,2976,53,38,WASHINGTON
53Skagit,2019818,2880,53,701,WASHINGTON
53Island,235256,1488,53,158,WASHINGTON
55Bayfield,70371,1104,55,63,WISCONSIN
55Brown,7834652,27912,55,280,WISCONSIN
55Buffalo,52654,1008,55,52,WISCONSIN
55Chippewa,368152,2976,55,123,WISCONSIN
55Clark,380417,2976,55,127,WISCONSIN
55Columbia,1134133,3600,55,315,WISCONSIN
55Dane,11140871,28632,55,389,WISCONSIN
55Door,310113,3504,55,88,WISCONSIN
55Dunn,481145,1536,55,313,WISCONSIN
55Fond du Lac,1171838,2976,55,393,WISCONSIN
55Grant,405136,2976,55,136,WISCONSIN
55Jefferson,997155,7440,55,134,WISCONSIN
55Kenosha,1188309,5856,55,202,WISCONSIN
55Kewaunee,315033,4464,55,70,WISCONSIN
55La Crosse,1041925,6240,55,166,WISCONSIN
55Langlade,164960,2496,55,66,WISCONSIN
55Lincoln,89777,1488,55,60,WISCONSIN
55Manitowoc,183206,2928,55,62,WISCONSIN
55Marathon,2062478,8160,55,252,WISCONSIN
55Marinette,974428,11280,55,86,WISCONSIN
55Milwaukee,1105605,5856,55,188,WISCONSIN
55Monroe,527036,2592,55,203,WISCONSIN
55Oconto,1194724,12336,55,96,WISCONSIN
55Oneida,318410,2928,55,108,WISCONSIN
55Outagamie,7117613,17376,55,409,WISCONSIN
55Ozaukee,1195772,5208,55,229,WISCONSIN
55Polk,439502,3600,55,122,WISCONSIN
55Portage,2666024,12096,55,220,WISCONSIN
55Price,33711,624,55,54,WISCONSIN
55Racine,388910,2976,55,130,WISCONSIN
55Rock,1403672,2976,55,471,WISCONSIN
55St. Croix,3552619,9192,55,386,WISCONSIN
55Sauk,251079,1152,55,217,WISCONSIN
55Sawyer,104586,1488,55,70,WISCONSIN
55Shawano,165249,2112,55,78,WISCONSIN
55Sheboygan,405764,2928,55,138,WISCONSIN
55Washburn,113598,2880,55,39,WISCONSIN
55Waukesha,1193019,2976,55,400,WISCONSIN
55Waushara,272947,3312,55,82,WISCONSIN
55Winnebago,858825,4128,55,208,WISCONSIN
54Summers,259692,2496,54,104,WEST VIRGINIA
54Kanawha,1838661,9600,54,191,WEST VIRGINIA
54Lewis,447293,2592,54,172,WEST VIRGINIA
54Tyler,105458,1344,54,78,WEST VIRGINIA
54Wood,444073,4032,54,110,WEST VIRGINIA
54Boone,547179,4464,54,122,WEST VIRGINIA
54Mercer,804546,5664,54,142,WEST VIRGINIA
54Mason,5758,720,54,7,WEST VIRGINIA
54Randolph,47091,1440,54,32,WEST VIRGINIA
54Jackson,139371,2976,54,46,WEST VIRGINIA
54Grant,41712,1440,54,28,WEST VIRGINIA
54Braxton,61577,1392,54,44,WEST VIRGINIA
54Raleigh,183365,1392,54,131,WEST VIRGINIA
54Ohio,1702760,6360,54,267,WEST VIRGINIA
54Cabell,228565,1488,54,153,WEST VIRGINIA
54Wayne,382578,2400,54,159,WEST VIRGINIA
54Putnam,1764065,4320,54,408,WEST VIRGINIA
54Marshall,180797,1536,54,117,WEST VIRGINIA
54Harrison,527808,2976,54,177,WEST VIRGINIA
54Calhoun,34121,1488,54,22,WEST VIRGINIA
54Berkeley,2237539,6000,54,372,WEST VIRGINIA
54Logan,292012,2352,54,124,WEST VIRGINIA
54Greenbrier,34735,1440,54,24,WEST VIRGINIA
54Nicholas,184233,1488,54,123,WEST VIRGINIA
54Morgan,180495,1440,54,125,WEST VIRGINIA
54Monongalia,1153097,2880,54,400,WEST VIRGINIA
54Mineral,97700,1440,54,67,WEST VIRGINIA
54Hardy,56021,1248,54,44,WEST VIRGINIA
54Barbour,39213,1488,54,26,WEST VIRGINIA
54Pocahontas,24658,1296,54,19,WEST VIRGINIA
54Marion,960902,2256,54,425,WEST VIRGINIA
56Converse,753100,13296,56,56,WYOMING
56Johnson,266395,7440,56,35,WYOMING
56Sweetwater,2400778,25656,56,93,WYOMING
56Campbell,740401,14688,56,50,WYOMING
56Laramie,4188662,38448,56,108,WYOMING
56Natrona,973586,11760,56,82,WYOMING
56Goshen,184512,4464,56,41,WYOMING
56Fremont,595528,17064,56,34,WYOMING
56Lincoln,242051,9984,56,24,WYOMING
56Carbon,723297,14880,56,48,WYOMING
56Teton,1269030,15096,56,84,WYOMING
56Park,606360,13248,56,45,WYOMING
56Niobrara,82290,5904,56,13,WYOMING
56Weston,58207,4176,56,13,WYOMING
56Albany,1366305,17328,56,78,WYOMING
56Crook,174701,5616,56,31,WYOMING
56Sheridan,940593,10944,56,85,WYOMING
56Sublette,291312,11904,56,24,WYOMING
56Uinta,726649,8928,56,81,WYOMING
56Washakie,183370,4464,56,41,WYOMING
56Big Horn,183205,4464,56,41,WYOMING
56Hot Springs,100795,2976,56,33,WYOMING
56Platte,185907,2832,56,65,WYOMING
